English	zh	ar	vi	es
Learners Test	Learners Test	Learners Test	Learners Test	Learners Test
Learners Test Australia	Learners Test Australia	Learners Test Australia	Learners Test Australia	Learners Test Australia
Sign in	登录	تسجيل الدخول	Đăng nhập	Inicia sesión
Sign in to continue your study journey.	登录后继续你的学习之旅。	سجّل الدخول لمتابعة رحلتك الدراسية.	Đăng nhập để tiếp tục hành trình học tập.	Inicia sesión para seguir con tu estudio.
Sign in	登录	تسجيل الدخول	Đăng nhập	Iniciar sesión
Sign in instead	改为登录	تسجيل الدخول بدلًا من ذلك	Chuyển sang đăng nhập	Prefiero iniciar sesión
Back to sign in	返回登录	العودة إلى تسجيل الدخول	Quay lại đăng nhập	Volver al inicio de sesión
Learners Test Australia	Learners Test Australia	Learners Test Australia	Learners Test Australia	Learners Test Australia
Learners Test Australia	Learners Test Australia	Learners Test Australia	Learners Test Australia	Learners Test Australia
5. Premium & Billing	5. Premium 与付费	5. Premium والدفع	5. Premium và thanh toán	5. Premium y facturación
%1$d of %2$d correct. Pass mark %3$d.	%2$d 题中答对 %1$d 题。及格线为 %3$d 题。	%1$d صحيحة من %2$d. درجة النجاح %3$d.	Đúng %1$d trên %2$d câu. Điểm đạt là %3$d.	%1$d de %2$d correctas. Nota para aprobar: %3$d.
No mistakes allowed	一题也不能错	لا يُسمح بأي خطأ	Không được sai câu nào	Ningún error permitido
Section failed	本部分未通过	لم تجتز هذا القسم	Phần này không đạt	Sección no superada
Pass your learner test first time	学习驾照笔试，一次就过	انجح في اختبار رخصة المتعلم من أول مرة	Đậu bài thi bằng L ngay lần đầu	Aprueba tu examen de aprendiz a la primera
Pass mark: at least %1$d of %2$d correct	及格线：%2$d 题中至少答对 %1$d 题	درجة النجاح: %1$d إجابة صحيحة على الأقل من %2$d	Điểm đậu: đúng ít nhất %1$d/%2$d câu	Para aprobar: al menos %1$d de %2$d correctas
Knowledge test	交规笔试	الاختبار النظري	Thi lý thuyết	Examen teórico
The theory test you pass to get your learner licence	考取学习驾照（L 牌）需要通过的理论考试	الاختبار الذي تجتازه للحصول على رخصة المتعلم (L)	Bài thi lý thuyết bạn cần đậu để lấy bằng lái tập sự (bằng L)	El examen que apruebas para obtener tu licencia de aprendiz (L)
Hazard perception test	危险感知测试	اختبار إدراك المخاطر	Thi nhận biết nguy hiểm	Prueba de percepción de riesgos
Choose your test date	选择考试日期	اختر تاريخ اختبارك	Chọn ngày thi	Elige la fecha de tu examen
Ads keep practice free	广告让练习保持免费	الإعلانات تُبقي التدريب مجانيًا	Quảng cáo giúp luyện tập miễn phí	Los anuncios mantienen la práctica gratis
Practice	练习	التدريب	Luyện tập	Práctica
Settings	设置	الإعدادات	Cài đặt	Configuración
No test date yet	还没有考试日期	لم تحدد موعد الاختبار بعد	Chưa có ngày thi	Aún no tienes fecha de examen
Add test date	添加考试日期	إضافة موعد الاختبار	Thêm ngày thi	Agregar fecha
pass chance	通过概率	فرصة النجاح	khả năng đậu	probabilidad de aprobar
Estimated pass chance %1$d percent	预计通过概率为百分之 %1$d	فرصة النجاح المقدّرة %1$d بالمئة	Khả năng đậu ước tính %1$d phần trăm	Probabilidad estimada de aprobar: %1$d por ciento
Continue your mock test	继续模拟考试	تابع اختبارك التجريبي	Tiếp tục bài thi thử	Continúa tu simulacro
Quick check	快速摸底	تقييم سريع	Kiểm tra nhanh	Prueba rápida
Reviews due	待复习	مراجعات مستحقة	Cần ôn lại	Repasos pendientes
Fix your mistakes	纠正错题	صحّح أخطاءك	Sửa câu sai	Corrige tus errores
Mock test	模拟考试	اختبار تجريبي	Thi thử	Simulacro de examen
Start a streak today	今天开始连续打卡	ابدأ سلسلة أيامك المتتالية اليوم	Bắt đầu chuỗi ngày học hôm nay	Empieza una racha hoy
Flag for review	标记待复查	وضع علامة للمراجعة	Đánh dấu để xem lại	Marcar para revisar
Nothing here right now. Try another practice mode.	这里暂时没有内容。试试其他练习模式吧。	لا شيء هنا الآن. جرّب وضع تدريب آخر.	Hiện chưa có gì ở đây. Hãy thử chế độ luyện tập khác.	No hay nada aquí por ahora. Prueba otro modo de práctica.
Sign in and choose your state to practise.	请登录并选择你所在的州，然后开始练习。	سجّل الدخول واختر ولايتك لتبدأ التدريب.	Đăng nhập và chọn bang của bạn để luyện tập.	Inicia sesión y elige tu estado para practicar.
You reached the pass mark in every section.	你在每个部分都达到了及格线。	وصلت إلى درجة النجاح في كل الأقسام.	Bạn đã đạt điểm chuẩn ở mọi phần.	Alcanzaste la nota para aprobar en todas las secciones.
Review the questions below, then try another mock.	看看下面的题目，然后再做一次模拟考试。	راجع الأسئلة أدناه، ثم جرّب اختبارًا تجريبيًا آخر.	Xem lại các câu bên dưới, rồi thử một bài thi thử khác.	Repasa las preguntas de abajo y luego prueba otro simulacro.
By section	各部分成绩	حسب القسم	Theo từng phần	Por sección
Try another mock test	再做一次模拟考试	جرّب اختبارًا تجريبيًا آخر	Làm bài thi thử khác	Hacer otro simulacro
Practise these mistakes	练习这些错题	تدرّب على هذه الأخطاء	Luyện lại các câu sai này	Practicar estos errores
Ways to practise	练习方式	طرق التدريب	Cách luyện tập	Formas de practicar
Mixed practice	综合练习	تدريب متنوع	Luyện tập tổng hợp	Práctica mixta
Mistakes	错题	الأخطاء	Câu sai	Errores
Weak spots	薄弱环节	نقاط الضعف	Điểm yếu	Puntos débiles
Start mock test	开始模拟考试	ابدأ اختبارًا تجريبيًا	Bắt đầu thi thử	Empezar simulacro
Past mock tests	以往的模拟考试	الاختبارات التجريبية السابقة	Các bài thi thử trước	Simulacros anteriores
Your mock test results will appear here.	你的模拟考试成绩会显示在这里。	ستظهر نتائج اختباراتك التجريبية هنا.	Kết quả thi thử của bạn sẽ hiển thị ở đây.	Los resultados de tus simulacros aparecerán aquí.
Reviews coming up	即将复习	المراجعات القادمة	Lịch ôn sắp tới	Próximos repasos
Weak spots	薄弱环节	نقاط الضعف	Điểm yếu	Puntos débiles
Expected %1$d of %2$d · %3$d%% chance to pass this section	预计答对 %1$d/%2$d · 本部分通过概率 %3$d%%	المتوقع %1$d من %2$d · فرصة اجتياز هذا القسم %3$d%%	Dự kiến %1$d/%2$d · %3$d%% khả năng đạt phần này	Previsto: %1$d de %2$d · %3$d%% de probabilidad de aprobar esta sección
Test date	考试日期	موعد الاختبار	Ngày thi	Fecha del examen
Open settings	打开设置	فتح الإعدادات	Mở cài đặt	Abrir configuración
Delete account	删除账户	حذف الحساب	Xóa tài khoản	Eliminar cuenta
Sign in again	重新登录	تسجيل الدخول مجددًا	Đăng nhập lại	Volver a iniciar sesión
Reviewing now helps the rules stick.	现在复习，规则记得更牢。	المراجعة الآن تساعدك على تثبيت القواعد في ذهنك.	Ôn ngay bây giờ giúp bạn nhớ luật lâu hơn.	Repasar ahora te ayuda a fijar las normas.
Time for a quick practice	来快速练习一下吧	حان وقت تدريب سريع	Đến giờ luyện tập nhanh rồi	Hora de practicar un poco
Today's free mock test is used	今天的免费模拟考试已用完	استخدمت اختبارك التجريبي المجاني لهذا اليوم	Đã dùng hết lượt thi thử miễn phí hôm nay	Ya usaste el simulacro gratis de hoy
Unlimited tests with Premium	Premium 无限次考试	اختبارات غير محدودة مع Premium	Thi không giới hạn với Premium	Simulacros ilimitados con Premium
Today's free mock test is used	今天的免费模拟考试已用完	استخدمت اختبارك التجريبي المجاني لهذا اليوم	Đã dùng hết lượt thi thử miễn phí hôm nay	Ya usaste el simulacro gratis de hoy
Each step from learner to full licence, with official links	从学习驾照到正式驾照的每一步，附官方链接	كل خطوة من رخصة المتعلم إلى الرخصة الكاملة، مع روابط رسمية	Từng bước từ bằng L đến bằng lái đầy đủ, kèm liên kết chính thức	Cada paso, de aprendiz a licencia completa, con enlaces oficiales
Learners Test Premium	Learners Test Premium	Learners Test Premium	Learners Test Premium	Learners Test Premium
You have Premium	你已拥有 Premium	لديك Premium	Bạn đã có Premium	Tienes Premium
Unlimited mock tests	无限次模拟考试	اختبارات تجريبية غير محدودة	Thi thử không giới hạn	Simulacros ilimitados
Section forecasts, weak spots and review planner	分部分预测、薄弱环节和复习计划	توقعات لكل قسم، ونقاط الضعف، ومخطط المراجعة	Dự báo từng phần, điểm yếu và lịch ôn tập	Previsiones por sección, puntos débiles y planificador de repasos
Hazard perception practice	危险感知练习	تدريب على إدراك المخاطر	Luyện nhận biết nguy hiểm	Práctica de percepción de riesgos
Every practice question stays free for everyone.	所有练习题对所有人永久免费。	كل أسئلة التدريب تبقى مجانية للجميع.	Mọi câu hỏi luyện tập luôn miễn phí cho tất cả mọi người.	Todas las preguntas de práctica siguen siendo gratis para todos.
Get Premium	获取 Premium	احصل على Premium	Mua Premium	Obtener Premium
Get Premium · %1$s	获取 Premium · %1$s	احصل على Premium · %1$s	Mua Premium · %1$s	Obtener Premium · %1$s
Restore purchase	恢复购买	استعادة الشراء	Khôi phục giao dịch mua	Restaurar compra
Get Premium	获取 Premium	احصل على Premium	Mua Premium	Obtener Premium
No ads and unlimited mock tests, one payment	无广告、无限次模拟考试，一次付费	بلا إعلانات واختبارات تجريبية غير محدودة، بدفعة واحدة	Không quảng cáo và thi thử không giới hạn, chỉ trả một lần	Sin anuncios y simulacros ilimitados, con un solo pago
Premium	Premium	Premium	Premium	Premium
Open the handbook	打开手册	افتح الدليل	Mở sổ tay	Abrir el manual
Hazard perception	危险感知	إدراك المخاطر	Nhận biết nguy hiểm	Percepción de riesgos
Premium	Premium	Premium	Premium	Premium
Hazard perception practice	危险感知练习	تدريب على إدراك المخاطر	Luyện nhận biết nguy hiểm	Práctica de percepción de riesgos
Hazard perception clips	危险感知短片	مقاطع إدراك المخاطر	Đoạn phim nhận biết nguy hiểm	Clips de percepción de riesgos
